{
    "data": {
        "num_found": 63,
        "start": 0,
        "did_you_mean": [],
        "products": [{
            "title": "Factory Authorized Parts™ - AZ2280-1A-24A Relay",
            "mpn": "AZ2280-1A-24A",
            "image_url": "https://resource.carrierenterprise.com/is/image/Watscocom/rcd-parts_az2280-1a-24a_article_1408712821373_en_normal",
            "inventory": 52,
            "price": 152,
            "item_id": "AZ2280-1A-24A",
            "heiler_num": "1408712821373",
            "product_type": "simple",
            "product_id": "1408712821373",
            "has_supersedes": true,
            "product_num": "AZ2280-1A-24A",
            "call_outs": []
        }, {
            "title": "Carrier® Comfort™ - 2.5 Ton 14 SEER Residential Air Conditioner Condensing Unit",
            "mpn": "24ACC430A003",
            "image_url": "https://resource.carrierenterprise.com/is/image/Watscocom/carrier_24acc430a003_article_1429461218622_en_normal",
            "inventory": 234,
            "price": 154,
            "item_id": "24ACC430A003",
            "heiler_num": "1429461218622",
            "product_type": "simple",
            "product_id": "1429461218622",
            "has_supersedes": false,
            "product_num": "24ACC430A003",
            "call_outs": []
        }, {
            "title": "Carrier® Comfort™ - 3 Ton 14 SEER Residential Air Conditioner Condensing Unit",
            "mpn": "24ACC436A003",
            "image_url": "https://resource.carrierenterprise.com/is/image/Watscocom/carrier_24acc436a003_article_1429461218334_en_normal",
            "inventory": 186,
            "price": 1563,
            "item_id": "24ACC436A003",
            "heiler_num": "1429461218334",
            "product_type": "simple",
            "product_id": "1429461218334",
            "has_supersedes": false,
            "product_num": "24ACC436A003",
            "call_outs": []
        }, {
            "title": "Carrier® Comfort™ - 2 Ton 14 SEER Residential Air Conditioner Condensing Unit",
            "mpn": "24ACC424A003",
            "image_url": "https://resource.carrierenterprise.com/is/image/Watscocom/carrier_24acc424a003_article_1429461218537_en_normal",
            "inventory": 186,
            "price": 1565,
            "item_id": "24ACC424A003",
            "heiler_num": "1429461218537",
            "product_type": "simple",
            "product_id": "1429461218537",
            "has_supersedes": false,
            "product_num": "24ACC424A003",
            "call_outs": []
        }, {
            "title": "Carrier® Comfort™ - 3 Ton 16 SEER Residential Air Conditioner Condensing Unit",
            "mpn": "24ABC636A003",
            "image_url": "https://resource.carrierenterprise.com/is/image/Watscocom/carrier_24abc636a003_article_1391689335268_en_normal",
            "inventory": 95,
            "price": 1594,
            "item_id": "24ABC636A003",
            "heiler_num": "1391689335268",
            "product_type": "simple",
            "product_id": "1391689335268",
            "has_supersedes": false,
            "product_num": "24ABC636A003",
            "call_outs": []
        }, {
            "title": "Carrier® Comfort™ - 4 Ton 16 SEER Residential Air Conditioner Condensing Unit",
            "mpn": "24ABC648A003",
            "image_url": "https://resource.carrierenterprise.com/is/image/Watscocom/carrier_24abc648a003_article_1391689337098_en_normal",
            "inventory": 17,
            "price": 1573,
            "item_id": "24ABC648A003",
            "heiler_num": "1391689337098",
            "product_type": "simple",
            "product_id": "1391689337098",
            "has_supersedes": false,
            "product_num": "24ABC648A003",
            "call_outs": []
        }, {
            "title": "Carrier® Comfort™ - 2.5 Ton 16 SEER Residential Air Conditioner Condensing Unit",
            "mpn": "24ABC630A003",
            "image_url": "https://resource.carrierenterprise.com/is/image/Watscocom/carrier_24abc630a003_article_1391689337751_en_normal",
            "inventory": 131,
            "price": 1533,
            "item_id": "24ABC630A003",
            "heiler_num": "1391689337751",
            "product_type": "simple",
            "product_id": "1391689337751",
            "has_supersedes": false,
            "product_num": "24ABC630A003",
            "call_outs": []
        }, {
            "title": "Carrier® Performance™ - 3 Ton 17 SEER Residential 2-Stage Air Conditioner Condensing Unit",
            "mpn": "24ACB736A003",
            "image_url": "https://resource.carrierenterprise.com/is/image/Watscocom/carrier_24acb736a003_article_1391689339257_en_normal",
            "inventory": 117,
            "price": 1513,
            "item_id": "24ACB736A003",
            "heiler_num": "1391689339257",
            "product_type": "simple",
            "product_id": "1391689339257",
            "has_supersedes": false,
            "product_num": "24ACB736A003",
            "call_outs": []
        }, {
            "title": "Carrier® Comfort™ - 3.5 Ton 14 SEER Residential Air Conditioner Condensing Unit",
            "mpn": "24ACC442A003",
            "image_url": "https://resource.carrierenterprise.com/is/image/Watscocom/carrier_24acc442a003_article_1429461218496_en_normal",
            "inventory": 146,
            "price": 1543,
            "item_id": "24ACC442A003",
            "heiler_num": "1429461218496",
            "product_type": "simple",
            "product_id": "1429461218496",
            "has_supersedes": false,
            "product_num": "24ACC442A003",
            "call_outs": []
        }, {
            "title": "Carrier® Comfort™ - 3.5 Ton 16 SEER Residential Air Conditioner Condensing Unit",
            "mpn": "24ABC642A003",
            "image_url": "https://resource.carrierenterprise.com/is/image/Watscocom/carrier_24abc642a003_article_1391689338071_en_normal",
            "inventory": 48,
            "price": 1553,
            "item_id": "24ABC642A003",
            "heiler_num": "1391689338071",
            "product_type": "simple",
            "product_id": "1391689338071",
            "has_supersedes": false,
            "product_num": "24ABC642A003",
            "call_outs": []
        }, {
            "title": "Carrier® Comfort™ - 5 Ton 16 SEER Residential Air Conditioner Condensing Unit",
            "mpn": "24ABC660B003",
            "image_url": "https://resource.carrierenterprise.com/is/image/Watscocom/na_24abc660b003_article_7407364701315185_en_normal",
            "inventory": 0,
            "price": 1503,
            "item_id": "24ABC660B003",
            "heiler_num": "7407364701315185",
            "product_type": "simple",
            "product_id": "7407364701315185",
            "has_supersedes": false,
            "product_num": "24ABC660B003",
            "call_outs": []
        }, {
            "title": "Carrier® Comfort™ - 4 Ton 14 SEER Residential Air Conditioner Condensing Unit",
            "mpn": "24ACC448A003",
            "image_url": "https://resource.carrierenterprise.com/is/image/Watscocom/carrier_24acc448a003_article_1429461218262_en_normal",
            "inventory": 84,
            "price": 1583,
            "item_id": "24ACC448A003",
            "heiler_num": "1429461218262",
            "product_type": "simple",
            "product_id": "1429461218262",
            "has_supersedes": false,
            "product_num": "24ACC448A003",
            "call_outs": []
        }, {
            "title": "Carrier® Comfort™ - 2 Ton 16 SEER Residential Air Conditioner Condensing Unit",
            "mpn": "24ABC624A003",
            "image_url": "https://resource.carrierenterprise.com/is/image/Watscocom/carrier_24abc624a003_article_1391689335863_en_normal",
            "inventory": 184,
            "price": 1593,
            "item_id": "24ABC624A003",
            "heiler_num": "1391689335863",
            "product_type": "simple",
            "product_id": "1391689335863",
            "has_supersedes": false,
            "product_num": "24ABC624A003",
            "call_outs": []
        }, {
            "title": "Carrier® Performance™ - 4 Ton 17 SEER Residential 2-Stage Air Conditioner Condensing Unit",
            "mpn": "24ACB748A003",
            "image_url": "https://resource.carrierenterprise.com/is/image/Watscocom/carrier_24acb748a003_article_1391689334308_en_normal",
            "inventory": 114,
            "price": 1513,
            "item_id": "24ACB748A003",
            "heiler_num": "1391689334308",
            "product_type": "simple",
            "product_id": "1391689334308",
            "has_supersedes": false,
            "product_num": "24ACB748A003",
            "call_outs": []
        }, {
            "title": "Carrier® Comfort™ - 5 Ton 14 SEER Residential Air Conditioner Condensing Unit",
            "mpn": "24ACC460A003",
            "image_url": "https://resource.carrierenterprise.com/is/image/Watscocom/carrier_24acc460a003_article_1429461218352_en_normal",
            "inventory": 85,
            "price": 1583,
            "item_id": "24ACC460A003",
            "heiler_num": "1429461218352",
            "product_type": "simple",
            "product_id": "1429461218352",
            "has_supersedes": false,
            "product_num": "24ACC460A003",
            "call_outs": []
        }, {
            "title": "Carrier® Comfort™ - 2 Ton 14 SEER Residential Air Conditioner Condensing Unit Coastal",
            "mpn": "24ACA424C003",
            "image_url": "https://resource.carrierenterprise.com/is/image/Watscocom/carrier_24aca424c003_article_1457084021565_en_normal",
            "inventory": 220,
            "price": 1523,
            "item_id": "24ACA424C003",
            "heiler_num": "1457084021565",
            "product_type": "simple",
            "product_id": "1457084021565",
            "has_supersedes": false,
            "product_num": "24ACA424C003",
            "call_outs": []
        }, {
            "title": "Carrier® Performance™ - 5 Ton 17 SEER Residential 2-Stage Air Conditioner Condensing Unit",
            "mpn": "24ACB760AB03",
            "image_url": "https://resource.carrierenterprise.com/is/image/Watscocom/carrier_24acb760ab03_article_1470385930373_en_normal",
            "inventory": 88,
            "price": 1583,
            "item_id": "24ACB760AB03",
            "heiler_num": "1470385930373",
            "product_type": "simple",
            "product_id": "1470385930373",
            "has_supersedes": false,
            "product_num": "24ACB760AB03",
            "call_outs": []
        }, {
            "title": "Carrier® Performance™ - 4 Ton 16 SEER Air Conditioning Condenser",
            "mpn": "24APB648A003",
            "image_url": "https://resource.carrierenterprise.com/is/image/Watscocom/carrier_24apb648a003_article_678573465979253_en_normal",
            "inventory": 72,
            "price": 1573,
            "item_id": "24APB648A003",
            "heiler_num": "678573465979253",
            "product_type": "simple",
            "product_id": "678573465979253",
            "has_supersedes": false,
            "product_num": "24APB648A003",
            "call_outs": []
        }, {
            "title": "Carrier® Comfort™ - 2.5 Ton 14 SEER Residential Air Conditioner Condensing Unit Coastal",
            "mpn": "24ACA430C003",
            "image_url": "https://resource.carrierenterprise.com/is/image/Watscocom/carrier_24aca430c003_article_1457084020945_en_normal",
            "inventory": 99,
            "price": 1593,
            "item_id": "24ACA430C003",
            "heiler_num": "1457084020945",
            "product_type": "simple",
            "product_id": "1457084020945",
            "has_supersedes": false,
            "product_num": "24ACA430C003",
            "call_outs": []
        }, {
            "title": "Carrier® Performance™ - 3 Ton 16 SEER Air Conditioning Condenser",
            "mpn": "24APB636A003",
            "image_url": "https://resource.carrierenterprise.com/is/image/Watscocom/carrier_24apb636a003_article_678573465979599_en_normal",
            "inventory": 34,
            "price": 1533,
            "item_id": "24APB636A003",
            "heiler_num": "678573465979599",
            "product_type": "simple",
            "product_id": "678573465979599",
            "has_supersedes": false,
            "product_num": "24APB636A003",
            "call_outs": []
        }, {
            "title": "Carrier® Performance™ - 2.5 Ton 16 SEER Air Conditioning Condenser",
            "mpn": "24APB630A003",
            "image_url": "https://resource.carrierenterprise.com/is/image/Watscocom/carrier_24apb630a003_article_678573465979193_en_normal",
            "inventory": 45,
            "price": 1543,
            "item_id": "24APB630A003",
            "heiler_num": "678573465979193",
            "product_type": "simple",
            "product_id": "678573465979193",
            "has_supersedes": false,
            "product_num": "24APB630A003",
            "call_outs": []
        }, {
            "title": "Carrier® Comfort™ - 1.5 Ton 14 SEER Residential Air Conditioner Condensing Unit",
            "mpn": "24ACC418A003",
            "image_url": "https://resource.carrierenterprise.com/is/image/Watscocom/carrier_24acc418a003_article_1429461218479_en_normal",
            "inventory": 54,
            "price": 1563,
            "item_id": "24ACC418A003",
            "heiler_num": "1429461218479",
            "product_type": "simple",
            "product_id": "1429461218479",
            "has_supersedes": false,
            "product_num": "24ACC418A003",
            "call_outs": []
        }, {
            "title": "Carrier® Performance™ - 2 Ton 17 SEER Residential 2-Stage Air Conditioner Condensing Unit",
            "mpn": "24ACB724A003",
            "image_url": "https://resource.carrierenterprise.com/is/image/Watscocom/carrier_24acb724a003_article_1391689338911_en_normal",
            "inventory": 7,
            "price": 1573,
            "item_id": "24ACB724A003",
            "heiler_num": "1391689338911",
            "product_type": "simple",
            "product_id": "1391689338911",
            "has_supersedes": false,
            "product_num": "24ACB724A003",
            "call_outs": []
        }, {
            "title": "Carrier® Comfort™ - 1.5 Ton 16 SEER Residential Air Conditioner Condensing Unit",
            "mpn": "24ABC618A003",
            "image_url": "https://resource.carrierenterprise.com/is/image/Watscocom/carrier_24abc618a003_article_1391689337627_en_normal",
            "inventory": 62,
            "price": 1563,
            "item_id": "24ABC618A003",
            "heiler_num": "1391689337627",
            "product_type": "simple",
            "product_id": "1391689337627",
            "has_supersedes": false,
            "product_num": "24ABC618A003",
            "call_outs": []
        }, {
            "title": "Carrier® Performance™ - 3 Ton 14 SEER Residential Horizontal Air Conditioner Condensing Unit",
            "mpn": "24AHA436A003",
            "image_url": "https://resource.carrierenterprise.com/is/image/Watscocom/carrier_24aha436a003_article_1426278595016_en_normal",
            "inventory": 5,
            "price": 1553,
            "item_id": "24AHA436A003",
            "heiler_num": "1426278595016",
            "product_type": "simple",
            "product_id": "1426278595016",
            "has_supersedes": false,
            "product_num": "24AHA436A003",
            "call_outs": [{
                "name": "Factory Direct Ship",
                "color": "#FF0000"
            }, {
                "name": "No Returns",
                "color": "#FF0000"
            }]
        }, {
            "title": "Carrier® Performance™ - 3.5 Ton 16 SEER Air Conditioning Condenser",
            "mpn": "24APB642A003",
            "image_url": "https://resource.carrierenterprise.com/is/image/Watscocom/carrier_24apb642a003_article_678573465979539_en_normal",
            "inventory": 26,
            "price": 1523,
            "item_id": "24APB642A003",
            "heiler_num": "678573465979539",
            "product_type": "simple",
            "product_id": "678573465979539",
            "has_supersedes": false,
            "product_num": "24APB642A003",
            "call_outs": []
        }, {
            "title": "Carrier® Comfort™ - 5 Ton 13 SEER Air Conditioner Condensing Unit (208/230-3)",
            "mpn": "24ABB360A005",
            "image_url": "https://resource.carrierenterprise.com/is/image/Watscocom/carrier_24abb360a005_article_1391689332514_en_normal",
            "inventory": 0,
            "price": 1503,
            "item_id": "24ABB360A005",
            "heiler_num": "1391689332514",
            "product_type": "simple",
            "product_id": "1391689332514",
            "has_supersedes": false,
            "product_num": "24ABB360A005",
            "call_outs": []
        }, {
            "title": "Carrier® Performance™ - 2 Ton 14 SEER Residential Horizontal Air Conditioner Condensing Unit",
            "mpn": "24AHA424A003",
            "image_url": "https://resource.carrierenterprise.com/is/image/Watscocom/carrier_24aha424a003_article_1426278594907_en_normal",
            "inventory": 1,
            "price": 1513,
            "item_id": "24AHA424A003",
            "heiler_num": "1426278594907",
            "product_type": "simple",
            "product_id": "1426278594907",
            "has_supersedes": false,
            "product_num": "24AHA424A003",
            "call_outs": [{
                "name": "Factory Direct Ship",
                "color": "#FF0000"
            }, {
                "name": "No Returns",
                "color": "#FF0000"
            }]
        }, {
            "title": "Carrier® Comfort™ - 3 Ton 14 SEER Residential Air Conditioner Condensing Unit Coastal",
            "mpn": "24ACA436C003",
            "image_url": "https://resource.carrierenterprise.com/is/image/Watscocom/carrier_24aca436c003_article_1457084021904_en_normal",
            "inventory": 84,
            "price": 1583,
            "item_id": "24ACA436C003",
            "heiler_num": "1457084021904",
            "product_type": "simple",
            "product_id": "1457084021904",
            "has_supersedes": false,
            "product_num": "24ACA436C003",
            "call_outs": []
        }, {
            "title": "Carrier® Performance™ - 2.5 Ton 14 SEER Residential Horizontal Air Conditioner Condensing Unit",
            "mpn": "24AHA430A003",
            "image_url": "https://resource.carrierenterprise.com/is/image/Watscocom/carrier_24aha430a003_article_1426278595162_en_normal",
            "inventory": 1,
            "price": 1513,
            "item_id": "24AHA430A003",
            "heiler_num": "1426278595162",
            "product_type": "simple",
            "product_id": "1426278595162",
            "has_supersedes": false,
            "product_num": "24AHA430A003",
            "call_outs": [{
                "name": "Factory Direct Ship",
                "color": "#FF0000"
            }, {
                "name": "No Returns",
                "color": "#FF0000"
            }]
        }, {
            "title": "Carrier® Performance™ - 5 Ton 16 SEER Air Conditioning Condenser",
            "mpn": "24APB660A003",
            "image_url": "https://resource.carrierenterprise.com/is/image/Watscocom/carrier_24apb660a003_article_678573465979419_en_normal",
            "inventory": 4,
            "price": 1543,
            "item_id": "24APB660A003",
            "heiler_num": "678573465979419",
            "product_type": "simple",
            "product_id": "678573465979419",
            "has_supersedes": false,
            "product_num": "24APB660A003",
            "call_outs": []
        }, {
            "title": "Carrier® Performance™ - 2 Ton 16 SEER Air Conditioning Condenser",
            "mpn": "24APB624A003",
            "image_url": "https://resource.carrierenterprise.com/is/image/Watscocom/carrier_24apb624a003_article_678573465979479_en_normal",
            "inventory": 26,
            "price": 1523,
            "item_id": "24APB624A003",
            "heiler_num": "678573465979479",
            "product_type": "simple",
            "product_id": "678573465979479",
            "has_supersedes": false,
            "product_num": "24APB624A003",
            "call_outs": []
        }, {
            "title": "Carrier® Infinity™ - 4 Ton 17 SEER Residential 2-Stage Air Conditioner Condensing Coastal Unit",
            "mpn": "24ANB748C003",
            "image_url": "https://resource.carrierenterprise.com/is/image/Watscocom/carrier_24anb748c003_article_1391689332582_en_normal",
            "inventory": 22,
            "price": 1573,
            "item_id": "24ANB748C003",
            "heiler_num": "1391689332582",
            "product_type": "simple",
            "product_id": "1391689332582",
            "has_supersedes": false,
            "product_num": "24ANB748C003",
            "call_outs": []
        }, {
            "title": "Carrier® Comfort™ - 3.5 Ton 14 SEER Residential Air Conditioner Condensing Unit Coastal",
            "mpn": "24ACA442C003",
            "image_url": "https://resource.carrierenterprise.com/is/image/Watscocom/carrier_24aca442c003_article_1457084022025_en_normal",
            "inventory": 58,
            "price": 1553,
            "item_id": "24ACA442C003",
            "heiler_num": "1457084022025",
            "product_type": "simple",
            "product_id": "1457084022025",
            "has_supersedes": false,
            "product_num": "24ACA442C003",
            "call_outs": []
        }, {
            "title": "Carrier® Comfort™ - 1.5 Ton 14 SEER Residential Air Conditioner Condensing Unit Coastal",
            "mpn": "24ACA418C003",
            "image_url": "https://resource.carrierenterprise.com/is/image/Watscocom/carrier_24aca418c003_article_1457084021318_en_normal",
            "inventory": 81,
            "price": 1583,
            "item_id": "24ACA418C003",
            "heiler_num": "1457084021318",
            "product_type": "simple",
            "product_id": "1457084021318",
            "has_supersedes": false,
            "product_num": "24ACA418C003",
            "call_outs": []
        }, {
            "title": "Carrier® Performance™ - 1.5 Ton 14 SEER Residential Horizontal Air Conditioner Condensing Unit",
            "mpn": "24AHA418A003",
            "image_url": "https://resource.carrierenterprise.com/is/image/Watscocom/carrier_24aha418a003_article_1426278594927_en_normal",
            "inventory": 2,
            "price": 1523,
            "item_id": "24AHA418A003",
            "heiler_num": "1426278594927",
            "product_type": "simple",
            "product_id": "1426278594927",
            "has_supersedes": false,
            "product_num": "24AHA418A003",
            "call_outs": []
        }, {
            "title": "Carrier® Performance™ - 5 Ton 14 SEER Residential Horizontal Air Conditioner Condensing Unit",
            "mpn": "24AHA460A003",
            "image_url": "https://resource.carrierenterprise.com/is/image/Watscocom/carrier_24aha460a003_article_1426278595300_en_normal",
            "inventory": 1,
            "price": 1513,
            "item_id": "24AHA460A003",
            "heiler_num": "1426278595300",
            "product_type": "simple",
            "product_id": "1426278595300",
            "has_supersedes": false,
            "product_num": "24AHA460A003",
            "call_outs": [{
                "name": "Factory Direct Ship",
                "color": "#FF0000"
            }, {
                "name": "No Returns",
                "color": "#FF0000"
            }]
        }, {
            "title": "Carrier® Comfort™ - 5 Ton 13 SEER Air Conditioner Condensing Unit (460-3)",
            "mpn": "24ABB360A006",
            "image_url": "https://resource.carrierenterprise.com/is/image/Watscocom/carrier_24abb360a006_article_1391689338919_en_normal",
            "inventory": 0,
            "price": 1503,
            "item_id": "24ABB360A006",
            "heiler_num": "1391689338919",
            "product_type": "simple",
            "product_id": "1391689338919",
            "has_supersedes": false,
            "product_num": "24ABB360A006",
            "call_outs": []
        }, {
            "title": "Carrier® Performance™ - 4 Ton 14 SEER Residential Horizontal Air Conditioner Condensing Unit",
            "mpn": "24AHA448A003",
            "image_url": "https://resource.carrierenterprise.com/is/image/Watscocom/carrier_24aha448a003_article_1426278595336_en_normal",
            "inventory": 2,
            "price": 1523,
            "item_id": "24AHA448A003",
            "heiler_num": "1426278595336",
            "product_type": "simple",
            "product_id": "1426278595336",
            "has_supersedes": false,
            "product_num": "24AHA448A003",
            "call_outs": [{
                "name": "Factory Direct Ship",
                "color": "#FF0000"
            }, {
                "name": "No Returns",
                "color": "#FF0000"
            }]
        }, {
            "title": "Carrier® Comfort™ - 4 Ton 14 SEER Residential Air Conditioner Condensing Unit Coastal",
            "mpn": "24ACA448C003",
            "image_url": "https://resource.carrierenterprise.com/is/image/Watscocom/carrier_24aca448c003_article_1457084022195_en_normal",
            "inventory": 43,
            "price": 1543,
            "item_id": "24ACA448C003",
            "heiler_num": "1457084022195",
            "product_type": "simple",
            "product_id": "1457084022195",
            "has_supersedes": false,
            "product_num": "24ACA448C003",
            "call_outs": []
        }, {
            "title": "Carrier® Comfort™ - 2.5 Ton 13 SEER Air Conditioning Condenser (208/230-3)",
            "mpn": "24ABB330A005",
            "image_url": "https://resource.carrierenterprise.com/is/image/Watscocom/carrier_24abb330a005_article_1391689337127_en_normal",
            "inventory": 10,
            "price": 1513,
            "item_id": "24ABB330A005",
            "heiler_num": "1391689337127",
            "product_type": "simple",
            "product_id": "1391689337127",
            "has_supersedes": false,
            "product_num": "24ABB330A005",
            "call_outs": []
        }, {
            "title": "Carrier® Infinity™ - 3 Ton 17 SEER Residential 2-Stage Air Conditioner Condensing Coastal Unit",
            "mpn": "24ANB736C003",
            "image_url": "https://resource.carrierenterprise.com/is/image/Watscocom/carrier_24anb736c003_article_1391689332760_en_normal",
            "inventory": 12,
            "price": 1513,
            "item_id": "24ANB736C003",
            "heiler_num": "1391689332760",
            "product_type": "simple",
            "product_id": "1391689332760",
            "has_supersedes": false,
            "product_num": "24ANB736C003",
            "call_outs": []
        }, {
            "title": "Carrier® Comfort™ - 4 Ton 13 SEER Air Conditioning Condenser (208/230-3)",
            "mpn": "24ABB348A005",
            "image_url": "https://resource.carrierenterprise.com/is/image/Watscocom/carrier_24abb348a005_article_1391689332989_en_normal",
            "inventory": 17,
            "price": 1513,
            "item_id": "24ABB348A005",
            "heiler_num": "1391689332989",
            "product_type": "simple",
            "product_id": "1391689332989",
            "has_supersedes": false,
            "product_num": "24ABB348A005",
            "call_outs": []
        }, {
            "title": "Factory Authorized Parts™ - HN61PC006 Relay",
            "mpn": "HN61PC006",
            "image_url": "https://resource.carrierenterprise.com/is/image/Watscocom/rcd-parts_hn61pc006_article_1408712814020_en_normal",
            "inventory": 0,
            "price": 1503,
            "item_id": "HN61PC006",
            "heiler_num": "1408712814020",
            "product_type": "simple",
            "product_id": "1408712814020",
            "has_supersedes": true,
            "product_num": "HN61PC006",
            "call_outs": [{
                "name": "Factory Direct Ship",
                "color": "#FF0000"
            }, {
                "name": "No Returns",
                "color": "#FF0000"
            }]
        }, {
            "title": "Carrier® Performance™ - 1.5 Ton 16 SEER Air Conditioning Condenser",
            "mpn": "24APB618A003",
            "image_url": "https://resource.carrierenterprise.com/is/image/Watscocom/carrier_24apb618a003_article_678573465979359_en_normal",
            "inventory": 9,
            "price": 1593,
            "item_id": "24APB618A003",
            "heiler_num": "678573465979359",
            "product_type": "simple",
            "product_id": "678573465979359",
            "has_supersedes": false,
            "product_num": "24APB618A003",
            "call_outs": []
        }, {
            "title": "Carrier® Performance™ - 4 Ton 14 SEER Horizontal Air Conditioner Condensing Unit  (208/230-3)",
            "mpn": "24AHA448A005",
            "image_url": "https://resource.carrierenterprise.com/is/image/Watscocom/carrier_24aha448a005_article_1426278595112_en_normal",
            "inventory": 22,
            "price": 1523,
            "item_id": "24AHA448A005",
            "heiler_num": "1426278595112",
            "product_type": "simple",
            "product_id": "1426278595112",
            "has_supersedes": false,
            "product_num": "24AHA448A005",
            "call_outs": []
        }, {
            "title": "Carrier® Comfort™ - 5 Ton 14 SEER Residential Air Conditioner Condensing Unit Coastal",
            "mpn": "24ACA460C003",
            "image_url": "https://resource.carrierenterprise.com/is/image/Watscocom/carrier_24aca460c003_article_1457084022365_en_normal",
            "inventory": 29,
            "price": 1553,
            "item_id": "24ACA460C003",
            "heiler_num": "1457084022365",
            "product_type": "simple",
            "product_id": "1457084022365",
            "has_supersedes": false,
            "product_num": "24ACA460C003",
            "call_outs": []
        }, {
            "title": "Carrier® Comfort™ - 3 Ton 13 SEER Air Conditioning Condenser (208/230-3)",
            "mpn": "24ABB336A005",
            "image_url": "https://resource.carrierenterprise.com/is/image/Watscocom/carrier_24abb336a005_article_1391689335607_en_normal",
            "inventory": 16,
            "price": 1513,
            "item_id": "24ABB336A005",
            "heiler_num": "1391689335607",
            "product_type": "simple",
            "product_id": "1391689335607",
            "has_supersedes": false,
            "product_num": "24ABB336A005",
            "call_outs": []
        }, {
            "title": "Carrier® Infinity™ - 5 Ton 17 SEER Residential 2-Stage Air Conditioner Condensing Coastal Unit",
            "mpn": "24ANB760CB03",
            "image_url": "https://resource.carrierenterprise.com/is/image/Watscocom/carrier_24anb760cb03_article_1470385930556_en_normal",
            "inventory": 13,
            "price": 1583,
            "item_id": "24ANB760CB03",
            "heiler_num": "1470385930556",
            "product_type": "simple",
            "product_id": "1470385930556",
            "has_supersedes": false,
            "product_num": "24ANB760CB03",
            "call_outs": []
        }, {
            "title": "Carrier® Comfort™ - 4 Ton 13 SEER Air Conditioning Condenser (460-3)",
            "mpn": "24ABB348A006",
            "image_url": "https://resource.carrierenterprise.com/is/image/Watscocom/carrier_24abb348a006_article_1391689338384_en_normal",
            "inventory": 13,
            "price": 1543,
            "item_id": "24ABB348A006",
            "heiler_num": "1391689338384",
            "product_type": "simple",
            "product_id": "1391689338384",
            "has_supersedes": false,
            "product_num": "24ABB348A006",
            "call_outs": []
        }, {
            "title": "Carrier® Comfort™ - 3.5 Ton 13 SEER Air Conditioning Condenser (208/230-3)",
            "mpn": "24ABB342A005",
            "image_url": "https://resource.carrierenterprise.com/is/image/Watscocom/carrier_24abb342a005_article_1391689335747_en_normal",
            "inventory": 9,
            "price": 1593,
            "item_id": "24ABB342A005",
            "heiler_num": "1391689335747",
            "product_type": "simple",
            "product_id": "1391689335747",
            "has_supersedes": false,
            "product_num": "24ABB342A005",
            "call_outs": []
        }, {
            "title": "Carrier® Infinity™ - 2 Ton 17 SEER Residential 2-Stage Air Conditioner Condensing Coastal Unit",
            "mpn": "24ANB724C003",
            "image_url": "https://resource.carrierenterprise.com/is/image/Watscocom/carrier_24anb724c003_article_1391689334474_en_normal",
            "inventory": 16,
            "price": 1513,
            "item_id": "24ANB724C003",
            "heiler_num": "1391689334474",
            "product_type": "simple",
            "product_id": "1391689334474",
            "has_supersedes": false,
            "product_num": "24ANB724C003",
            "call_outs": []
        }, {
            "title": "Carrier® Comfort™ - 3 Ton 13 SEER Air Conditioning Condenser (460-3)",
            "mpn": "24ABB336A006",
            "image_url": "https://resource.carrierenterprise.com/is/image/Watscocom/carrier_24abb336a006_article_1391689334079_en_normal",
            "inventory": 14,
            "price": 1593,
            "item_id": "24ABB336A006",
            "heiler_num": "1391689334079",
            "product_type": "simple",
            "product_id": "1391689334079",
            "has_supersedes": false,
            "product_num": "24ABB336A006",
            "call_outs": []
        }, {
            "title": "Carrier® Comfort™ - 3.5 Ton 13 SEER Air Conditioning Condenser (460-3)",
            "mpn": "24ABB342A006",
            "image_url": "https://resource.carrierenterprise.com/is/image/Watscocom/carrier_24abb342a006_article_1391689334309_en_normal",
            "inventory": 6,
            "price": 1563,
            "item_id": "24ABB342A006",
            "heiler_num": "1391689334309",
            "product_type": "simple",
            "product_id": "1391689334309",
            "has_supersedes": false,
            "product_num": "24ABB342A006",
            "call_outs": []
        }, {
            "title": "Carrier® Comfort™ - 1.5 Ton 14 SEER Residential Air Conditioner Condensing Unit",
            "mpn": "24ACC418A0L3",
            "image_url": "https://resource.carrierenterprise.com/is/image/Watscocom/__missing__",
            "inventory": 5,
            "price": 1553,
            "item_id": "24ACC418A0L3",
            "heiler_num": "1604089090859936",
            "product_type": "simple",
            "product_id": "1604089090859936",
            "has_supersedes": false,
            "product_num": "24ACC418A0L3",
            "call_outs": []
        }, {
            "title": "Carrier® Comfort™ - 2 Ton 14 SEER Residential Air Conditioner Condensing Unit",
            "mpn": "24ACC424A0L3",
            "image_url": "https://resource.carrierenterprise.com/is/image/Watscocom/__missing__",
            "inventory": 9,
            "price": 1583,
            "item_id": "24ACC424A0L3",
            "heiler_num": "1604089091169337",
            "product_type": "simple",
            "product_id": "1604089091169337",
            "has_supersedes": false,
            "product_num": "24ACC424A0L3",
            "call_outs": []
        }, {
            "title": "Carrier® Comfort™ - 3 Ton 14 SEER Residential Air Conditioner Condensing Unit",
            "mpn": "24ACC436A0L3",
            "image_url": "https://resource.carrierenterprise.com/is/image/Watscocom/__missing__",
            "inventory": 4,
            "price": 1543,
            "item_id": "24ACC436A0L3",
            "heiler_num": "1604089091169338",
            "product_type": "simple",
            "product_id": "1604089091169338",
            "has_supersedes": false,
            "product_num": "24ACC436A0L3",
            "call_outs": []
        }, {
            "title": "Factory Authorized Parts™ - PRD5AYO-24AC",
            "mpn": "PRD5AYO-24AC",
            "image_url": "https://resource.carrierenterprise.com/is/image/Watscocom/__missing__",
            "inventory": 7,
            "price": 1573,
            "item_id": "PRD5AYO-24AC",
            "heiler_num": "12944793859477503",
            "product_type": "simple",
            "product_id": "12944793859477503",
            "has_supersedes": false,
            "product_num": "PRD5AYO-24AC",
            "call_outs": [{
                "name": "Factory Direct Ship",
                "color": "#FF0000"
            }, {
                "name": "No Returns",
                "color": "#FF0000"
            }]
        }, {
            "title": "Factory Authorized Parts™ - PRD11AYO-24AC",
            "mpn": "PRD11AYO-24AC",
            "image_url": "https://resource.carrierenterprise.com/is/image/Watscocom/__missing__",
            "inventory": 4,
            "price": 1543,
            "item_id": "PRD11AYO-24AC",
            "heiler_num": "12944793859428653",
            "product_type": "simple",
            "product_id": "12944793859428653",
            "has_supersedes": false,
            "product_num": "PRD11AYO-24AC",
            "call_outs": [{
                "name": "Factory Direct Ship",
                "color": "#FF0000"
            }, {
                "name": "No Returns",
                "color": "#FF0000"
            }]
        }, {
            "title": "Carrier® Comfort™ - 2.5 Ton 14 SEER Residential Air Conditioner Condensing Unit",
            "mpn": "24ACC430A0L3",
            "image_url": "https://resource.carrierenterprise.com/is/image/Watscocom/__missing__",
            "inventory": 4,
            "price": 1543,
            "item_id": "24ACC430A0L3",
            "heiler_num": "1604089091169340",
            "product_type": "simple",
            "product_id": "1604089091169340",
            "has_supersedes": false,
            "product_num": "24ACC430A0L3",
            "call_outs": []
        }, {
            "title": "Carrier® Comfort™ - 5 Ton 14 SEER Residential Air Conditioner Condensing Unit",
            "mpn": "24ACC460A0L3",
            "image_url": "https://resource.carrierenterprise.com/is/image/Watscocom/__missing__",
            "inventory": 3,
            "price": 1533,
            "item_id": "24ACC460A0L3",
            "heiler_num": "1604089090859932",
            "product_type": "simple",
            "product_id": "1604089090859932",
            "has_supersedes": false,
            "product_num": "24ACC460A0L3",
            "call_outs": []
        }, {
            "title": "Carrier® Comfort™ - 4 Ton 14 SEER Residential Air Conditioner Condensing Unit",
            "mpn": "24ACC448A0L3",
            "image_url": "https://resource.carrierenterprise.com/is/image/Watscocom/__missing__",
            "inventory": 8,
            "price": 1593,
            "item_id": "24ACC448A0L3",
            "heiler_num": "1604089091169339",
            "product_type": "simple",
            "product_id": "1604089091169339",
            "has_supersedes": false,
            "product_num": "24ACC448A0L3",
            "call_outs": []
        }, {
            "title": "Carrier® Comfort™ - 3.5 Ton 14 SEER Residential Air Conditioner Condensing Unit",
            "mpn": "24ACC442A0L3",
            "image_url": "https://resource.carrierenterprise.com/is/image/Watscocom/__missing__",
            "inventory": 2,
            "price": 1523,
            "item_id": "24ACC442A0L3",
            "heiler_num": "1604089090859943",
            "product_type": "simple",
            "product_id": "1604089090859943",
            "has_supersedes": false,
            "product_num": "24ACC442A0L3",
            "call_outs": []
        }],
        "items_count": 63
    }
}
